{
  "promptTokens": 10.335711613307264,
  "completionTokens": 4.764782088408699,
  "contextTokens": 12.638523365144577,
  "toolCalls": 5.931020358237955,
  "readFiles": 1.972191126761805,
  "edits": 4.87581199175967,
  "retries": 12.014747790147991,
  "uniqueFilesRead": 1.8277232683079063,
  "uniqueFilesEdited": 1.7405898854815303,
  "elapsedMs": 8.859417045810854,
  "contextUtilization": 8.27308943741075,
  "readToEditRatio": 12.615335408730475,
  "retryRate": 3.2237804079810846,
  "hasLoop": 0.30303286779656047,
  "subAgents": 0.28677631904744616,
  "autoModePredictedLabel": 0.29190054590881026,
  "autoModeConfidence": 10.04556647975664
}