{
  "promptTokens": 3.73678545033425,
  "completionTokens": 6.9979595260869605,
  "contextTokens": 0.7766413903661894,
  "toolCalls": 5.554572421633626,
  "readFiles": 6.368323733607769,
  "edits": 19.085770154293783,
  "retries": 7.677985034614862,
  "uniqueFilesRead": 4.332569916760843,
  "uniqueFilesEdited": 11.766633138892903,
  "elapsedMs": 7.721731376950795,
  "contextUtilization": 1.026218805897735,
  "readToEditRatio": 11.399053609172762,
  "retryRate": 7.748499772983138,
  "hasLoop": 0.1491397530515741,
  "subAgents": 5.658115915352824
}