{
  "promptTokens": 2.260138082791403,
  "completionTokens": 3.7825341951909937,
  "contextTokens": 2.3401107015396976,
  "toolCalls": 7.077240231448082,
  "readFiles": 5.242495790896711,
  "edits": 2.696809777926265,
  "retries": 12.287038132248574,
  "uniqueFilesRead": 1.7373060920801164,
  "uniqueFilesEdited": 7.34712664712156,
  "elapsedMs": 2.7470886935655225,
  "contextUtilization": 11.45146750297842,
  "readToEditRatio": 8.729276912698055,
  "retryRate": 25.226011025023677,
  "hasLoop": 0.1487124430962482,
  "subAgents": 6.926643771394673
}