{
  "promptTokens": 6.229091574727701,
  "completionTokens": 3.881151722761467,
  "contextTokens": 6.408660578545084,
  "toolCalls": 10.354498079093776,
  "readFiles": 3.255266575671251,
  "edits": 6.962414275146596,
  "retries": 12.47229947473863,
  "uniqueFilesRead": 4.187440638623287,
  "uniqueFilesEdited": 10.115745646825658,
  "elapsedMs": 2.723677123202551,
  "contextUtilization": 1.6025176647210784,
  "readToEditRatio": 13.62460172938177,
  "retryRate": 11.302488084463088,
  "hasLoop": 0.04634658505765818,
  "subAgents": 4.8468509785911555,
  "autoModePredictedLabel": 0.14636170019368952,
  "autoModeConfidence": 1.8405875682555555
}